"011502584ea171cec03689f9ceb1400f","紫菜汤",
"012a9d20c950a966cc6f13ba3b62eb09","芹菜花生米","芹菜凉拌花生米"
"01436e341aa64d287a83a4192acde54f","香菇炒菜心","香菇菜心"
"02325866c884b728ebb9737a0d416fd4","新姜炒鸡块",
"023f1bb2c8a1273dde40dfe585356e79","平菇玉米棒板栗仔排汤",
"027f7a48a727ce63176eac5eddf8e9c1","炒茼蒿",
"0359a1e72401efc10d29f95ae674c1ea","干锅球菜",
"03b1b3487c2219e7afe4aa97bfc6b43d","香菇炒豆腐肉末",
"03f064ea10505991f2c430d0ba21c366","苋菜炒肉",
"040dbe3148e0a46d53fcd05435169577","牛腩炖土豆",
"049a31626c7fe700f36b7d9ab11ba403","梅干菜扣肉",
"04a5ad4e6b50c341a09b52ca7371531a","木耳炒胡萝卜","胡萝卜炒木耳,胡萝卜烩木耳"
"04d60a8dce3232b3ee7201f4c9572ade","海带排骨汤",
"04e0ee3b30a19638516daedb33dd1258","雷笋咸菜炒肉",
"05430a93f37dc989a9cc6c917dc38369","黑木耳炒山药",
"0586e1d3feb187405d7122235692e107","青椒炒花菜",
"05c2a805634725296f5f3e3e0a62433e","青椒炒豆腐干",
"0602d7bcc8606ad66324df082cbccfa1","香酥翅根",
"0655d747a9e008921e6f42a2aa0f630d","小白菜油豆腐炒肉",
"066e42a9e67a855ed0eaeb367b069a79","青菜肉丝汤粉干",
"06e808fb2a1123d8ff2ed0f595b2bfaf","大碗宽面","你看这碗又大又圆"
"074d965d01708bda60f690d9ce7ea528","炒黄瓜",
"07a6ee3db46bf7d8a05bd78ec88f6442","地瓜片炒肉",
"07eae9f95b6aa88e8209156a4ce7fd32","干煸土豆",
"082092c2fbb3ca597ebc44e9e6d7cc29","辣椒凤爪","泡椒凤爪"
"09606562da068929f47ca5c24e84a48a","香菇炒鸭肉",
"0a32709cf6ec7b1d3ee332018459630d","青蒜炒黄豆芽",
"0a6303fc9ea3922ec1e16d7ad2178710","散花菜炒胡萝卜",
"0a72f41efa6141423ee34f7289ce1e19","红烧鸡腿",
"0a9561c568e0afee16cb29bd12e633d6","千张肉丝",
"0ad68faa8336b0ab28df7e8fd98bd40d","萝卜仔排汤",
"0b2a765f70127f259ec3cfcb32de76c2","荔枝",
"0b5f21c3c00cac9fa5e6c1099d7cf222","大白菜炒豆腐",
"0bfa8eecfdfd63d56c0511d9d72b5543","酱香肉丁",
"0c9fc5e08de91a97a186a26b58388e5a","咸菜蘑菇炒春笋","咸菜春笋蘑菇"
"0d364f693f7ed3ba145b751ee25a932b","椒盐仔排",
"0d6e2d772cd0ff4189d3a3daec5cb1a1","番茄紫菜汤",
"0d845788bc21b476b76119101e2417f7","山药莴笋肉片",
"0db2858883fe442488d1c1289a1fccaa","丝瓜豆腐汤",
"0dceba4ae625cf19fb56c7ac75fefd45","炒苋菜",
"0e44cbb6701e50f34d6e317dbc388981","甜椒红萝卜炒猪肚",
"1022182ec23059abd655be8c9c4f5ca0","现磨豆浆",
"1212a6bab1eb40888e9f0b0f6a408b6e","黄金梨",
"132e621e623d59bfb71a472624566f20","平菇玉米排骨汤",
"133a71368513f658bf5ce633f4b7442b","炒芹菜",
"1389ebcc6c619d8200b783f00622ef64","甜椒炒猪肚",
"1391671b94df221f74158b2e3a00760c","蒜泥南瓜","清炒南瓜,炒南瓜"
"13ebf5e55b5978ba11744d3203f19a5d","雪菜毛豆肉丝",
"145bd414d0757316a818a073c066dc37","萝卜片豆腐汤",
"147f6f46bad6cad2a35b1653c0650e79","炸鸡排",
"14eb35fca9357660ed40b8304cdf072d","甘蓝豆腐",
"14f7a720906083ff581363ea50669752","银耳莲子汤",
"156197ee8ebbfc9f11ed3064555872dd","蒜心炒土香肠",
"158e992d2aff1b1418e9886d7b40849e","南瓜炒肉",
"1591d2170f41780ae3f404e94253b266","苋菜豆腐汤",
"15d7458970b0026e73caf906412e220e","酸辣土豆丝",
"162385eb5fefb9ce39a23e8bd6c5aaec","菜芯炒肉",
"1663bf86a74bf2c9e2252d3b39e983c2","莴笋叶炒豆腐干",
"16a3ba6f929f6ac58d76c548e822ab1c","苋菜粉丝汤",
"195f3dd23a807e40b137bbdc62cfa075","葱头肉片",
"1963f9ebb2f6566318c6735ea2d452ed","炒蒲瓜",
"1964d84f050a3339f8c53f464a32ce39","炒豆芽",
"1969596a3897c4d55c2580fe22be2dbd","鸭肉春笋炖香菇",
"1a3fc996f354e1d6290b752cf6fb784d","蒜苗炒鱿鱼",
"1ac13c6de22bcf9adc67982e85ca71f2","葱油猪血",
"1c4f317e80abd62c21a1eb5f41f3cf00","甜椒炒肉",
"1c80ffb8a1f04e2a0b30028f12398e82","冰糖红梨汤",
"1ceb932c54b0554792386a298f7dcaa6","炒油麦菜",
"1d0874df60aeff779e06f8eeb3192306","白菜木耳",
"1d28c9600dc4cf709129949e3853a1db","大白菜豆腐粉丝汤",
"1e522a6873ee742daf8a09f36fc95339","炒黄豆芽",
"1e9ed281629f14de0dc7d6372bf44db7","猪油油冬菜",
"1f05db547af09636dd8f567d86b7cc47","炒茄子",
"1f53d8a88aed6cd00b3cad6b209b724f","白菜豆腐粉丝汤",
"1f797e6d095941b77aff02079afbfc71","番茄鸡蛋面",
"201e56a29c31d538f116f8ce19ba96f2","葱油香菇",
"20ddd682bf9c277ffcb54ae393088293","炒菜心",
"21968567ed3ebfdb9378267176d77ff6","蒜爆青菜","蒜泥青菜"
"22397d375dc12c8b04155f1c5f2b51a7","花生莲藕仔排汤",
"226e015f8d477f0bfc56c3c2ec608896","椒盐玉米",
"22abb37d9ff210d79b0ea969c94b8f87","萝卜排骨汤",
"22e422c901236b01b62a4cd691b3976c","蒜泥青菜","蒜炒青菜"
"23dc1564428b45f70c60b39c6c0636a2","红烧鱼块",
"23e97677b8351e8f05d5dad767827502","土豆炖牛肉",
"24183ec1707033b647bd6c03c8e8acd8","排骨萝卜汤",
"2418a7984cf504dd196f1c3715dfa304","青椒牛肉",
"24bf94db327f70c454df33add5e894bf","豆腐干炒肉",
"258e2d874f9966f2b4935a605b19d5eb","糖醋土豆丝",
"25bcce17a4c51c2f1f21bdd5c9a81790","玉米炒香肠",
"26c3c2a4a4518b697f13287575dcf828","干桂圆",
"2717a5c07200778eee2afb7ace911bf2","芦柑",
"273500d9800572e889685abb6f05810c","猪肚平菇汤",
"285cf3a5997d090b6d82cef2e1ca5ff6","水饺",
"28b39010d9826ba57f911e6885ee4762","茼蒿炒豆腐",
"29b4b91de5ba6d8da06fa079541de419","菠菜豆腐汤",
"29bcb5af0115375a748d6e23c60bc6e3","番茄炒土豆",
"2abef1750705187e66ea91c134455ffe","香肠炒球菜",
"2aed6d9f0f4466c701674046242b8882","菠菜肉丸汤",
"2b0025a9ae524521aac256911223f17b","草莓",
"2b4a11011327d5c198522f256090d821","真相",
"2c0b6921b470d36748e048a1af0bf1f9","酸菜鱼",
"2d3611b61b20a57d8f679318698edfe2","雪菜炒大头菜","雪菜大头菜"
"2d3f247406a16b245557782d87628b52","香菇手撕包菜",
"2d43f9ac09a7723b8d13c72380ffda84","骨肉相连",
"2d77077841c38d7659a133ec6e986437","鸡蛋青菜炒米饭",
"2dac9a054dbc6fc6b83524f05bf9962a","纯牛奶",
"2db467c4d6e08b4bac48b4f6c2a34da7","清炒海带",
"2e0733bda4f8f7d4e78a617232617f24","蜜汁鸡腿",
"2e10670340281b16987b7f2e2e9504d8","砂糖橘",
"2e402bb5096fdca2f42866c0a0b05790","青菜粉丝汤",
"2eb088284e9d327f7cb0d5a6eea19db8","葱油毛芋",
"2f2fb41e5308e6aa93813fb773717d59","大白菜香菇",
"2f53d97df86ddb219124f4881cbcccdb","球菜炒粉干",
"301846d3371c59a1d5b251f2395055f4","蒲瓜炒豆腐",
"304e835a85add8fd22207d611d7d961b","麻婆豆腐",
"305486d55e05f311ecd30f23c76213c3","茼蒿豆腐",
"309310581c1e8f39e05c34a5c5c1aa43","夏天",
"30c890c1fc355bc182b49c1a7d28735e","黄瓜炒蛋",
"316605e437ceedcc06060eda719f719f","山药排骨汤",
"31981b032c8c510c310e3e703c6ab32c","胡萝卜炒香菇",
"31ae248495f21ad312c21711f35ff63c","猪肚蘑菇汤",
"31bf56d0f5bc04231cfa2e0964dfad4e","红烧鸡肉",
"31ddbd5d4704f4b048a6eae95125eb10","北京烤鸭",
"32f39c4713587285b44bd1b70a86535e","青豆炒肉片",
"33a84949017d1cef14ada2abd3ba44b7","咸菜冬笋肉片",
"33c5146179526a327157d82d274db9ca","银耳红枣汤",
"342bedef4aa8af5610347e75621e4127","冬瓜排骨汤","冬瓜仔排汤"
"344ea73272548e84a86c8490a6482229","白菜粉丝汤",
"345d85d2a4353c6fde8f9fb39b6f5f54","西红柿炖牛肉",
"349ad16f11ac032645eaa176644e8a97","开胃羹",
"34ef7c8d70a2f846ede03b944ea8808e","山药玉米排骨汤",
"3544f4fe97f058ab5cb908a740969277","海带油豆腐排骨汤",
"357a72a4db15f27d01ee89350b0f3490","糖醋里脊肉",
"363bce967058365bc96ec6a365b4483c","酱爆鸭片",
"36a0aa9bac3ac5b31121ac8cc0d376ab","鸭翅根",
"37bb369065b63681f16b0190987007b3","红烧肉",
"37ed09cacdde174a7e440f3c2d9a18c0","蒲瓜豆腐汤",
"3849a144278d6bf0f10a27070cf6865e","洋葱炒蛋",
"3853cf3986e03de1f8b4b581094ffffb","蘑菇猪血汤",
"38638f5f61ca6da133a369c30bd487f9","平菇烧豆腐",
"3877f077d761061fcc415cc2dc8d6395","酱香肉片",
"38cb2cabc7c377a05ffceff2f1c9031f","白灼明虾",
"38d9caacb24eebb57dd9fc87f482460b","胡萝卜花菜炒肉",
"38ea596540ef336f422ea1a110fa02f5","干菜红烧肉",
"39214d398bcaca92e7cd11204506dc4c","春笋腊肉汤",
"39fdb4b2f6518f857aaf99934ad41f59","红薯小米粥",
"3a8d7928a6b503fa15b7fea9b4c82d14","测试删除1",
"3af773a33090b6249dc6f76bf4985857","土豆排骨汤",
"3b05b830096bed2f402321f88e450da6","土豆洋葱炒肉",
"3b244f61b568a6a6654a8b24a3da43c5","萝卜腊肉",
"3b41b425865d9a20f63af9b7a662d079","笋干","竹笋干"
"3b7d08a62d4efffa9ba21a98f19b34db","金丝肉丸",
"3bf5309639876aede16ce1c830e8c5e6","红糖花卷",
"3ce6f6116ca7e66d1e440aa3202ee937","清炒茼蒿",
"3cf7f102553c972b1eace1e21da9aae3","洋葱炒牛肉",
"3d2c3d333520a85cd9e5be951382c717","花菜胡萝卜炒肉",
"3dd6102910a2ec7003f8576adbefc9e3","火腿肠炒玉米",
"3dead9fa5386af27120920de1203d2b5","芝麻红薯饼",
"3e4022bec1f5202d1e31cb0206b3fd81","莴笋叶炒豆腐",
"3eab528790d5990a93163eb70a512c0d","干锅花菜",
"3fcaf7f119e729818497b6389f32e6eb","红烧毛芋",
"3fccde1d34b9ae324202f9aaf44cf57c","雪菜冬笋腊肉汤",
"3fd04666bbe361df65ddaed9c5d4a33b","西瓜",
"41fca4067b4377b831af54a7da2fe9ca","豇豆炒肉",
"421655d9e391ed609e8fb7b2706a90a4","蜜汁中翅",
"4270cb48223e5aba9ee0b522670a552e","乌鸡汤（加茴香粉）","你看这鸡，黑吗"
"42d040052b286cdbfe59f64d9a3a9bfd","炒球菜",
"42ea2ffa2b31b3a2bdef7b9a2cc12e99","黄瓜玉米",
"42ef813aa7aadf09b5b68225a917de43","雪菜炒香干","雪菜香干"
"439b3410fb629a20281b47bf65ed8596","酱爆螺蛳",
"43cabaf2bcf449f459ad4b42e8e29dd3","红烧翅根",
"43f013dcc93e1a00aaf45b6014cb6479","炒冬瓜",
"4456d1ae7834cad96c084995fa0b8a0c","白菜豆腐",
"4491755a469c237be57e6dba47613e19","菠菜香菇豆腐汤",
"4495cd27ff3e392324df293cf558c6f1","菠菜鹌鹑蛋汤",
"44b3413dd8b6869f7593b954ffbdda7c","红糖发糕",
"4590200e093edd9c0b0c136153381f66","红烧大排",
"46120b3becd882ef705278b3e3b422e2","青菜芯炒豆腐","青菜芯烤豆腐"
"46ceb386033e876e256f0a2cbc9b4d70","丝瓜蛋汤",
"47078b83fea105efceda36bc052c646c","蒜泥筒篙","蒜炒筒篙"
"472e11835792e67c443b9b471e0fee9b","冰糖雪梨汤",
"473f0cadb76ef1f2809fd85a7e104c55","红烧仔排",
"4785652938fc4dd9960b2cbe36a70016","丝瓜炒豆腐","丝瓜烤豆腐,丝瓜烧豆腐,丝瓜豆腐,豆腐丝瓜"
"49104d9d541f57be89c80700756f41a5","腊肉春笋汤",
"49b9b2c6f3d887acf5ebc7c0f6b586f0","油麦菜炒肉",
"4a527576d4d9161ac1d43b3513548b1a","猪脚黄豆汤",
"4a77b9732e2664e66c29f89ffe5430a1","海带炒肉",
"4a804bf7e54995c4c600658871c586e2","猪蹄煮黄豆",
"4a92052ef5a7dae17ffcb3ed9a3d199a","白菜炒豆芽",
"4ab4a0ffadde963c707a8aef6d1f6583","香菇炒大白菜","香菇大白菜"
"4b3c84478989c5b49945c8c75a4c8b48","笋干鸭煲",
"4b4d187604e5a15950a6b59e21db22d8","咸萝卜炒牛肉",
"4c5dd09367b4a03e0429b0a18c41dc10","萝卜炒酒糟",
"4c750e3e028e42488d17e8caa93c7dad","西红柿豆腐羹",
"4d709b4d9b67d42bb4f60c162f381823","木耳炒黄瓜",
"4d8a2f53b1bf1c1590a06f0544834304","山药炒肉",
"4de0ba81164fc4f45565a7f37273484f","玉米羹",
"4e416a4fa423d20ef415ad1c9624a112","红烧甜椒牛肉",
"4eba3b492fd347ee470ea00e00d37252","红烧鸡腿甜椒",
"4edd7916e48c6da5be61a78cc9d76c7c","卤热狗",
"4fc77274d9ff105733e2bcacf9e018ab","青椒炒鸡肉",
"50182ae3b374d548a55936ee691e9462","南瓜炒虾仁",
"502bbad3a1506af4f3612650792f3489","玉米方腿",
"5069ba77136e43879a05c0889d2e4f63","红心蜜柚",
"5173160859ace2a111c6511f6ba4821e","雪菜肉丝",
"5271b1329ffb5c58892e9bcee87be677","豆腐炒青菜","青菜豆腐,豆腐青菜,青菜炒豆腐"
"538acb120f87068676e353f72f5ca551","球菜炒油豆腐","包心菜炒油豆腐,包心菜油豆腐,球菜油豆腐"
"5426b139a200396390187a0f3b4bb06d","排骨平菇汤",
"543d48613abce0c885f8cc8588871b8a","豆芽菜","黄豆芽"
"54a5cb23953235f6f4873a62edbcd4c3","红烧仔鸡",
"54a851c8bd48f18a4bb301e072ff477b","红烧香菇焖鸭肉",
"54bd6e60904a4faf81ac944f65e000af","鸡腿菇肉片",
"54e269c6d63c498fbc74654a42d9ab9d","香酥鸡排",
"553ac80d77c644db00bbd44327dad8e8","沙糖桔",
"555f3e753a5f65af778d791e96bd0299","排骨海带汤",
"558b34d02a38c4a7e73ea9ae09e288be","黄瓜鸡蛋汤",
"55d9903476580feb5a3b40e0da3377d0","大王",
"5692b11193c9b8b7437f5c6888ec94e5","胡柚",
"56cfbaa0a4aa7a1fc7746f453c79a0a1","熏干炒球菜",
"56e457f83149b6601800498a61626d5d","生菜炒肉",
"56fdfbd4ae110f5665c3407aedac3adb","冬瓜虾皮排骨汤",
"5730f3235cca16f9b6683edc31a1b4cc","黄豆炖排骨","黄豆炖仔排"
"578e2bcc68ce918422ce33420f655575","土豆鲜蚕豆排骨汤",
"57b2e58a847b3860238cfbcb9eeb3503","小馒头",
"5901c5985b416e3ff27cf68cd174343a","红烧大白鱼",
"592e231ac179d3ac0754cdbef1058db5","海参炒面",
"59c16db107ac5bda707d8248548b606b","葫芦炒豆腐",
"5a05f7df893e56c485b2e4da607f0764","西葫芦豆腐虾皮汤",
"5a4965d87ab0ef8a4c6364cf0ab92af3","肉末粉丝炒球菜",
"5a618df42aea01ce510bbe0902f86052","茭白炒肉",
"5a7add3ecded51835ee88a9f1d5e53bb","金针菇豆腐汤",
"5a9a2c24fefd049a089c22f7b5b9e4d1","萝卜炖牛肉",
"5acd4d9d8a1836cf86fac544a6e89da9","莴笋黑木耳炒肉",
"5ad86edf544a9ffa484fd07beb05bfb5","家常豆腐",
"5b31e1ff4e0de198528c38cf53f9dfb7","胡萝卜花菜炒虾仁",
"5b53bc35bd3600c74cf82daea8291c8f","青菜泡饭面疙瘩",
"5b5f5b0e0d0b13ca85e5136d7eee0137","莲藕花生排骨汤",
"5bc4ad1fd50e7a14c8e74f1c3f541e7f","紫菜蛋汤",
"5c1ec7cd1ffa01217fb7a108892be60f","蘑菇肉末豆腐",
"5c5abf96caa30c5ab44a1b067d4a220f","地瓜胡萝卜炒肉",
"5cce4d660ffce2da92bfd090f71a8fc1","莴笋红萝卜炒肉",
"5cfcb367dddd80b2299eece1bf3bd77e","哈密瓜",
"5d08b89646c12e630c44ab7d736a9f7c","蛋黄南瓜",
"5d2b07e07099590b3f628ab19aba269c","木耳炒鸭肉",
"5d4aa44514cb0120a72a9959dd69a6af","千张结烧肉",
"5d613161ac9a772217fd7a9ffe890f8a","清炒南瓜",
"5d80ae2860d6c2395fad63b64a79533d","葱油土豆",
"5da49b31079ba31c58474f9ac9a21320","雪菜炒牛肉",
"5dd684fce8f61d59f4893817a01c1f6b","鱼香茄子",
"5e7722c97142c7d3f7f8840caf63899a","椒盐土豆",
"5fbef6ed63614d24e23d71ad310ddbd4","黄瓜炒香肠",
"60ef000f4532483f889d38e8e2cf266d","卤鸭头",
"613a4359cafb2a7af8c470bf4c176ea4","榨菜鸡蛋汤",
"61bc70cf99ed4b4a820a7dee92ffa5a0","牛奶馒头",
"61c4d88a899e50ff5bce3c1765fa0520","菠菜粉丝汤",
"61cc39454d3ab03dab85d59dad093841","绿笋炒肉",
"6271ae2c894b4ab1491aa422b235ced5","空心菜炒肉",
"62ce5128329b6a92ed9a25c2ad1b7aea","桂圆红枣汤",
"62f1858cc48f25c271d567bb3d424dd9","炒小白菜",
"6411238268941fc217640c49345d3e16","糖醋排骨",
"64b7873a4a8a3f48d05cbfc5501b50ef","华山梨",
"65280679ce86cb60d4de2b07f0764caa","桔子",
"656ae7363ea83fbec9a1586c23138d23","步步糕",
"6589ac87cb771a7a811a54b4e4e9c4f1","蒜苗炒猪肚",
"658dee5f561eab7c92bf32bbf2488f9d","平菇油泡排骨汤",
"659fa92b7b0e38df7fc3c52e10d8d469","胡萝卜炒地瓜",
"661e3596b622070b0f0d6a21f2314324","平菇黑木耳豆腐排骨汤",
"666a980ce6c8c29c04694fc0c8ac993f","大白菜炒鸡腿菇",
"66bd6e218b6793527e165523f6d80f80","大白菜豆腐汤",
"67479eb7fb035865642fc6b6aef85a9a","蒜泥豇豆","炝拌豇豆,凉拌蒜泥角豆"
"6818b77640d263a2dc985ad6cc527f5a","圆椒炒肉",
"6876a86b4704c565d16900189012b0ea","鸡米花",
"68d2075929abab8e8aee1262b9508b75","油麦菜炒豆腐","油麦菜豆腐,油麦菜烧豆腐"
"69e2da2dda0e34f8811d08c24506476f","鹌鹑蛋",
"6a0e23513b53ab6f0ee02ec08babb74c","虾皮冬瓜",
"6a1565f4cd0e4a6e408922c20b47cb4c","天气",
"6a86c87563dbd5b643eb0cdc65a780d9","冬笋炒肉丝",
"6a88d1409c9a31424a6d879839dc6ede","豆腐干炒蒜苗",
"6b70724e363b6f48233d3fca42bc5b54","红烧大排",
"6c159a0852e75ec74f013a67a8fbaabb","炒西葫芦",
"6ca533ca23cc77b39b43d6fbe1d7a441","青椒肉丝2",
"6e62bc02064f245c263d96b2c41962c8","木耳炒莴笋",
"6eb6557a21518bad90ffc01a7956a7ae","牛奶燕麦粥",
"6f666456cb24d2ee5799145bc818b9f0","豇豆炒豆腐干",
"6f80e1a265a481a6c90dbbbbe70a1703","炒三丝",
"6fc60da888bbee62e70dd72ea6b4cbbc","红烧大虾",
"7010b2a3e0be6eb210a3b47ada7bf48b","甜椒肉丝",
"7024097484f01dc664ea977ec0b04933","香蕉",
"709bba4fec6ca04f8d620abdb85180c0","回锅肉",
"71587c17f293d1b6775fddc61672b691","木耳白菜香干",
"71ca2313484476f51cd94ea9914babfe","清炒莴笋片","炒莴苣笋,炒莴笋"
"7255e5a0f878a42798975eab3d398e7f","三丝炒肉",
"7287b92fe5c936e9a84de6d7435e51c0","五香蛋",
"72b819c38fc12a01fa4eef07af0e9cef","红烧冬瓜",
"72b9e1c77b50a7364c6933511e006b9c","球菜炒肉",
"72daf4891fde3f3cff6d7a08d7641223","大蒜叶炒猪肝",
"733a622c8337bed9c5d77c96e0080174","茭菜鸡腿菇",
"733e9fe5718a473bc2c99db4df958909","排骨玉米汤",
"7388e7e5a35f490121944aed737bafc1","黄瓜金针菇汤",
"73f31b660256d7bb15d589c0986430c9","干菜四季豆",
"747f6f080e87dbd44f8623b2bf314740","黑米粥",
"753196a5d94bb368e29aab7a258c4b03","香酥鸡排",
"7560962d7418a20292ed09d370b5d1c6","芦笋炒肉",
"759b267365d0e3b3bdd53a8efea9abc5","葱头炒肉",
"75fb791557ef5910ac2fc4712407207e","青菜香菇炒肉",
"76895462588a1807734c3dd00e8a1a98","杨梅肉",
"76e0fb11f56e562f99b1879f8b62a250","鹌鹑蛋炖肉",
"76e8a04b93b2af3f613a8a2658937f21","山药黑木耳炒肉",
"7701a6a7536674049d7dc46fb7554937","油泡烧肉",
"772f13d30d44162d705c667f3304c477","菠菜蛋花汤",
"77963b6ecb37a15620479ff7327f7545","红豆汤",
"77af221f332597c403f148a11ccfa1be","大白菜豆腐干",
"77b8d54ee34d82eb91f3a39e2f195260","清炒萝卜丝",
"77e3e4c9b37cf271e58d1dcc0d9ef7ba","木耳炒茭白",
"77ff66c504ce9c7fb4702099afd29a42","青椒炒肉",
"786dfe9088bc07242b1230cb0bd3d4a2","洋葱炒土豆","洋葱土豆,土豆炒洋葱,土豆洋葱"
"78cccd87dafdfd74606beca8fa139fc1","咸菜豆腐汤",
"78f47c7833bc5d5da7c507e8653e70ad","牛肉炖萝卜",
"79632b2cedfa422ca344c91083ab893f","红烧带鱼",
"7999dff0b3012adf7a167524bfd264d6","绿豆小米粥",
"7a3b021a9cffe800eb6fb7aa4d1e11cd","香菇炒鸡块",
"7b8e43a3123f514b58a6947a0df845a2","芹菜炒香干肉丝",
"7ba46a43f3947cdb3e7f9e88dfe27aa5","山药木耳排骨汤",
"7c4e9bc4e55857b3b1c7f4ee165763fa","番茄汤","西红柿蛋汤"
"7d0f72fcfc09ad6023edf74a1906d5e6","洋葱牛肉",
"7d5108cea48705883b91542b6151f960","蒜苗炒肉",
"7e1fb3514e3d9536ab9fcacae00bd103","冬瓜虾皮汤",
"7e40a6384b91667baf21cb009d7dbc44","清炒土豆",
"7e497d692032724b3bee1da9a5c759a4","红烧鸭肉",
"7ea5d2a8b008673d4aa34be90843b3d7","炒长豆",
"7ed208918d070c837fab58e75ac61672","黄瓜虾皮汤",
"7eeabf05f88bc1222c0390122991ad95","红烧肉烧鹌鹑蛋",
"7f8c764d113db358e76b6342b62abbba","甜椒炒蛋",
"808376e25b9ed36663b763297330058e","牛肉咸菜春笋",
"809e970ce905138c7e626e917596be7d","甜椒炒鸡肫",
"811b0d1facf8a336a0a57fbfcf7af4c8","番茄鸡蛋紫菜汤",
"8273bb5f1f525697cb84c0b7df3d1704","方倩琴炒腰果","虾仁炒腰果"
"82744cdff0250a7e1d5112038c2f6a8d","木耳鸡块",
"82766dc2eaac0ada15222c198cbb0429","洋葱炒肉",
"82e68c5619ecc94c3a6f04aa83efb787","玉米青豆","玉米炒青豆"
"833b77324c6afac413143d0f3055b053","荸荠",
"8372cfa27771079df768ae387dc9a757","雪梨",
"839bc643733ae5a8aad67350f823a8f8","冬笋炒肉片",
"8476176b20ba72f03cbedbe4888525d3","小米粥",
"857bf902b15ce5f30b6798314352f277","西葫芦炒肉片",
"858c68e559e32d486e41d978a60284ab","芹菜炒豆干",
"85d3914a08a30b69fd5a883391fd212c","青菜炒香菇","青菜香菇,香菇炒青菜,香菇青菜"
"85ff2622739ddfd7257a5dded541e945","大白菜炒蘑菇",
"86159b4dc3f5db70de4accafb63f819e","豆瓣酱炒肉",
"862ed219c4767524d259d19597ce9e24","虾仁炒小白菜",
"8705858941fb54f2bfabe6b6bf1dc4c9","球菜炒年糕",
"87fef08bb5421fca7d62a6195b5cdc78","金针菇炒肉",
"8805df45938e021303705a2c6705cabb","芹菜炒香干","芹菜炒香干,芹菜香干,香干芹菜,香干炒芹菜"
"88b7610be5fdad004c231e41ff386e6d","蘑菇豆腐汤",
"8906d89e7bf5dabd4345319f2d5fde50","芹菜炒花生",
"891182938d5bf8d4da2db395883d29b6","玉米炒香肠","玉米香肠"
"8a336d177a4d944ed63a3e3079e9a26d","洋葱炒土豆",
"8ac4d1da3bf36a2700b17025a4d23274","木耳胡萝卜",
"8b01d430987b56e0d27f438009b81235","玉米馒头",
"8b5055f7f5c69f615d500053330d6afa","炒花菜",
"8b6ae76874ed237ac7c55ef89377903d","红烧大虾",
"8b9f3f54bce7e7194e6a34ca5b311dad","甜椒炒藕片",
"8bdfbda2b87218018c13d5ccc7817483","丝瓜炒油豆腐","丝瓜烩油豆腐,丝瓜烧油豆腐,丝瓜油豆腐"
"8c10bb687eba6a1a3d39aadca573cd83","地瓜胡萝卜",
"8c7e2c325182f343db0f85079495f2c9","虾皮冬瓜汤",
"8c878ea2d0264d6334fdce41154c4ce4","平菇炒蛋",
"8c919241798969efb27851251c6c21ba","大蒜芯炒肉",
"8cc66feb81af99756343fdad6171ae83","大白菜鸡腿菇",
"8d88fe832ce6a4965b8b7e5bfc480b67","白地瓜炒肉",
"8d9ee8623722d46199815c40b05c6750","红烧狮子头",
"8e4010082f908292cd91449d4938f48a","木耳炒香干","香干炒木耳,香干木耳,木耳香干"
"8e542dd670302888f1eca10f2b7d3651","土豆炒肉",
"8e598d3d2ff161099642be6711350b42","芹菜炒肉",
"8f2a7aa7352b40a57ef64292a7146c06","甜椒炒牛肉",
"8f554e6621ddc0d6c5cebed567b8d720","花菜胡萝卜",
"8f8ee4edf0a48c5ed5ba9adb2c293d51","韭黄炒蛋",
"8fd7b79b1fa0d2c9ae6680b6de3203c5","海带肉丝",
"91cf60dee91795ee008549b6e5bbfeec","大葱炒黄豆芽",
"9228d7dce455462e2b5d1b8b01cc4e74","红烧带鱼",
"92adc3574f4e0771a137570baa72eac2","红烧茄子",
"938f89cd7230133ce3966b1450fa4904","炒生菜",
"93b913532dec410c4a07d9b788d63a6c","香菇炒茭菜",
"9488a976c39170b689e78b497630631b","萝卜粉丝黑木耳汤",
"94a054c7fee48b49ce4bf557d2c5d332","熘肝尖",
"956306b4c545dc87d725f08fd4b54895","鸡蛋炒胡萝卜",
"9594686a6bf9720897d12288b8d1b9ed","毛芋仔排汤",
"97c8de4e3e6e3ef62a324940c31b9355","蒜泥西兰花","蒜泥西兰花,蒜蓉西兰花,素炒西兰花"
"97dff82920855f200da4d01edb85ce62","紫菜虾皮鸡蛋汤",
"98722a590d7983b006e08e9c908ac2bb","咸菜肉丝",
"98c2b5ca34ea4c1901882e3a43d416ed","雪菜豆腐汤",
"9ae1cac4340eac564a52094216806d53","蒜苗炒鸡肫",
"9b58dfaf8a1c8ab903a6d7bb2504f0d3","香菇炒花菜",
"9b6b8b1fe5faa0f9a851d324e977bbea","丝瓜虾皮汤",
"9be7efe9f4fda2d49bfa7f7800f16bed","千张肉丝",
"9c3d98ee639b5a12352e660c4829783d","排骨蒲瓜汤",
"9c65a07f117a61f571c594fee0ae4411","黄豆酱豆腐炒肉",
"9cbe11a82b738d60369175b61b4b9278","酱排面",
"9ccfb0b328e2c10d5ee18f3434f28f9e","春笋雪菜炒牛肉",
"9dd0602f9adf870af496a290d8e7ac0c","西红柿炒蛋","番茄炒蛋"
"9e8acf40b8cd22e8794fe56d1509f1e7","肉末蒸蛋",
"9eba0feec06a20f8ee462939d8727910","雪菜肉丝炒毛豆",
"9ec35403281a594c07d6e9c75e901d5c","雪菜炒青豆","雪菜青豆"
"9ecd0d11033205c9041ff509f6e6127c","毛竹笋炖骨头",
"9f028c73fc4fdcf8dc6630821da2ebdc","鱼头煲","鱼汤"
"9f248fe484e1bc157a9796dd4d6a1379","肉丝炒咸菜",
"9f29e276918cacf1346fbb312e6be787","西红柿炒蛋","番茄炒蛋"
"9f4251a26d1272f52b5247ff06a27d1a","雪菜汤年糕",
"9fe6618aeddd0e1843815c114ebe5fec","炒丝瓜",
"9ff6af4c0c5cb03eb4cffe58e6ce21dc","青菜肉丝汤年糕",
"a047af634e3d44a2690b8f2e59109ae9","香菇炒油麦菜","香菇油麦菜"
"a1b7ab2839b5eceb125bc90ca5dd0f4f","番茄蛋花汤",
"a1c968a498858d8573e1ca3bbd758015","萝卜丝豆腐",
"a1e32bf7d1248f106379269cd1852ff0","包心菜炒豆腐","球菜豆腐,球菜炒豆腐,豆腐球菜,豆腐炒球菜,豆腐包心菜,豆腐炒包心菜,包心菜豆腐,包菜炒豆腐,豆腐包菜"
"a29e011363fdf20c056ae4ae17593488","蘑菇猪肚汤",
"a3147d1ee8463a252853ef71568813e1","油泡炖肉",
"a3265b61b8630861f53eea560e550f8e","排骨丝瓜汤",
"a36a870951ddd34ae8b0bb73559a13d4","鸡腿菇炒芹菜","鸡腿菇芹菜,芹菜鸡腿菇,鸡腿菇炒芹菜"
"a3cfdbecfcde2f03a107e83c2c6ce577","青菜番茄面疙瘩",
"a422eb58c53d5df87bbc61e15e6e1d71","菠萝",
"a4c3fed78b29fb89aade3f16fae8b6b7","雪菜冬笋炒肉",
"a4ec8321c72c3ecd26819cba85acfc38","萝卜猪血排骨汤",
"a5331c448fe16a2377d8fa764ccbdb43","南瓜饼",
"a55d4b8d2c7c170151553b94bd2c38d7","大白菜炒豆腐干",
"a5dd67b02899e9d9913b74d0781d90bd","海带红烧肉",
"a5de9d3b933085409ea1e1f31d0780bb","白菜平菇豆腐",
"a617b2a824572b6ea90b377377444d25","玉米黄瓜炒香肠",
"a6810ac0221952778e140a35f7cdb5fc","玉米青豆炒香肠",
"a6a261e476c1f937a1545f7939fc38b1","清炒大白菜",
"a6eec28b155ae44c2f5f227a2bb32cef","西兰花肉片",
"a7fd462d333f6b14de8c30d14daf9839","咸菜春笋牛肉",
"a853ed15e05268e8cf72d1c436d15498","平菇炒青菜",
"a8657cedd2e8a06a23be911b349e2602","青菜香菇粉丝汤",
"a88593a69b354b6b12f64f6cd91f5478","虾皮紫菜汤",
"a91809643f6c159ba3f52a82916c2ed8","芹菜炒猪肝",
"a93a415ec51ef4fc0434d67892cc9301","球菜豆芽炒面条",
"a96ba25a4ceaf7319d061faebee6a023","蒜泥海带丝","蒜蓉海带丝,凉拌海带丝"
"aa8ca0f2c06a69fd50f450a73adca5c7","雪菜猪血汤",
"aa8d1234db8a4b9f5c4a701577e6788d","回锅肉",
"aacebfe858a84278ace995f4f62efdc0","丝瓜炒蛋",
"aaf077f16e73d24d7da57c53fd02d6de","芹菜炒鸡蛋",
"ab7d13ef86a02bd4e85c70fc42881681","平菇豆腐排骨汤",
"ac0ba1286d9411fb49ef722acdac49d5","蔬菜瘦肉粥",
"ac71ecf45240a3ec4bb7f76a0a37091d","蒜泥苦麻",
"ad2e8027d2b95d926ddc71cd8d8faadd","香菇炖鸭肉",
"ad8b2ad2efdb58b6a7d1bd55d6535890","白菜油泡",
"ae7535ce486e279dd1a582ea92ab9bda","蒲瓜排骨汤",
"aeb24a94bbc864babf906ba3f272d915","红薯",
"aedcfde25d72e33f446b2cda45321a16","香甜南瓜羹",
"aef129ae927eb9be20221b781dc9126b","炒三丁",
"af06683cec804e749d231c2d7ffc3407","排骨冬瓜汤",
"affcc6d2ed89af37fefdc255759f57e1","春笋炒牛肉",
"b0c145cec9c1f47e4a2f9324227b89cc","番茄炒蛋",
"b0ee8a657287efd0ac4620a5fcd70cb5","青椒肉丝",
"b117ebc282a2b7667ee39bf536e36983","猪肝炒甜椒红萝卜",
"b1584ab87d910fa1e2f7e97f04d75b39","木耳炒莴笋",
"b194b6a3e16bd89c0cea68e000f883c0","青椒炒藕片",
"b212d4e89edfad23b20c883621e10fb9","蒜香青菜","蒜香油菜"
"b24b37b1730f7424b9d4b46efc1f06ad","芹菜炒花生米肉丝",
"b28d046799f3d2622d14bf967cb775ba","三月青炒千张","落汤青炒千张,落汤青千张,三月青千张,千张三月青,千张炒三月青"
"b2bcaf9217e152ceee002a74f0badb4f","青椒炒猪肝",
"b31e20d91867b64f40e757927318be08","藕炒肉丝",
"b34f3d66d8e3f304d5aa11d909ff87f7","黑木耳炒包心菜","黑木耳炒卷心菜,黑木耳炒包菜,黑木耳炒圆白菜,黑木耳炒球菜"
"b3ecb786ed1e8855b04e84227aaee728","雷笋炒牛肉",
"b44777a9a62088ee662ade27e02ccc08","春笋炒肉",
"b447eeeb64f290ee9ef35791eed995ca","黄瓜炒木耳",
"b4910de61dd5c84ead6433478e325556","麦片玉米羹",
"b4d1519fd72fe514c49d97fcba667d4f","炒土豆片",
"b4f779c2521ac4d7c1054f7e492aa4e7","黄豆芽炒肉",
"b51aa736b7a46fe55747512116d298fd","炒豇豆",
"b54afdc90abc96d1feee9c68d03334aa","雪菜炒蘑菇","雪菜蘑菇"
"b5956e6e5d8d66596dcf22cacaa1a5e4","炒花菜",
"b5ba1a4394d7f42e65bc1aaa6d46648c","酱香肉丁",
"b5bf242d83612ab021606fc178105188","雪菜牛肉",
"b5e2fee1d017c52c457eeb48cda3a6ed","娃娃菜炒肉",
"b5fd1dfb24bacb021f3f5caef46fbb44","大蒜叶炒香干",
"b647b80c8e1cb998b16ab809c7ef6dd9","咸菜春笋炒肉",
"b68bda4ffb1afd04bbfae378d6342e61","清炒豆芽菜",
"b74373247f059fff71085265728b99e9","冬瓜豆腐汤",
"b74de1e7a17fe944aa3229db484d12ad","大白菜炒木耳",
"b773458d393d44adf3d92f2d4c922650","韭菜炒蛋",
"b7c17ee71fc692ab3c8238b8b22cebbf","红烧仔排",
"b804871854bf2a7052dd3ac690e9bb03","蒜心炒鸡肫",
"b89fede141a1a9579b68cd38c5fbc8f7","黄瓜炒虾仁",
"b965729f7bbd2c3565425d47c547552b","油麦菜炒豆腐",
"b996c9e426ba09bc2866afcfba2439c9","小笼包",
"ba2b9ff3c7d27f11e676c6f9c391a668","步步糕",
"ba4b308075040b71ee613833eb38a2b7","香瓜",
"ba92cbbbc488bb7af9f6182770af2bcb","甜椒胡萝卜",
"baf7b2b5427024af338fe4b0356e381f","木耳西兰花",
"bb35fcdaff5a7c8beb9f527b8f7744c0","青菜豆腐粉丝汤",
"bb82205f5aa6160d6785f8cf2274cbd8","西兰花胡萝卜炒肉",
"bc8de52ee5f3ee3a41a19ae4922df43c","番茄土豆汤",
"be4bbdbf229a2da7f583a0876c2299ae","鹌鹑蛋炖肉",
"bec59b51c87a5deaef14699e2979c874","洋葱香干炒肉",
"bee84fbdd89f01f685ba08fa649091b2","火腿肠炒蒲瓜",
"bf0d8173ec94eb72df6e045df7f64568","甜椒炒鸡块",
"bf23ca15c0d943c68af9e3f2783803de","青椒炒鸭肉",
"bf7b7276167418988c83b7d73aca3e37","榨菜肉丝汤",
"bff152b5ecb43fc90d4fbe582b3336ed","三色豆腐羹",
"c11058f4166e12bae0695b620cf9cf45","香芋饺子",
"c15362204bc268c667554fb35c015bcf","榨菜炒肉丝",
"c16f1bf3cbd399555497d9d812c363ae","汤圆",
"c19926d846a359448794ac62fd35e9e7","干菜炒大排",
"c1c141c42011e97484678e9b399b7aee","香酥鸡腿",
"c1d79c316f5bcf9cffcd59368e654cc9","11",
"c2e8fa3e83997c1dc98ad5c24472acc2","炒白菜",
"c3ab456ac270c3930b2c561f5a3aa87c","香菇烧油豆泡","香菇油泡"
"c3e1384ca940f85fa2afbc26fee271db","花菜炒胡萝卜",
"c4fbbd4bf4ac60852407c61b3bba853a","炒南瓜",
"c50242d4f7cfb9ffdb88e446ca4d1b02","冬笋炒牛肉",
"c534d2e531b946cc7c3467334cba0641","韭黄炒蛋",
"c5531a2137f0ccfb36efc368d4809b15","玉米仔排汤",
"c59264abde63b15f1500faaca97c58d1","三丁炒肉末",
"c594f075d66664f0f308db1015461abd","冬枣",
"c6453c9edccf82b77a9c1967adb51d9f","粉丝豆芽炒肉末",
"c6ec22b1cf1e926594f36baf8150c6d4","球菜炒豆腐干",
"c6f1e3f5492bcb51e5e3308d0c258a8b","红烧大块肉",
"c6f321179e73afbf8059b0660e0e71f6","清炒西葫芦",
"c6f3830a85e318f09285f789c019ad65","胡萝卜炒莴笋",
"c7e323c45992533565a4b1811dec6325","红烧大草鱼",
"c8046fc1c05500ea6ae83f3246c9fe8c","芹菜炒香干",
"c85860ca8ade1dea182e163d6002a2bd","排骨香菇汤",
"c8ee46e773ae034265c966c291fbdcaf","煎饺",
"c901fedd37b3d1c9445edd86ab8d6b63","春笋雪菜炖腊肉",
"c903e0451db302650b3b6d2c28ede0d6","洋葱炒鸭肉",
"c90a489c88ee95ddeb15a01915c136fc","绿豆芽炒粉丝",
"c94d0a5d06790ac751385654089e363e","木耳炒西兰花","木耳炒西蓝花"
"c96d3968701b46299eb98d3e03b2dd9c","咸菜猪血",
"c96ea5eb61b759cb086e8fc9676eb104","青菜肉丸粉丝汤",
"ca2d90be468fd176fbd54fa95e04623d","蒜香西兰花炒红萝卜",
"ca4d8587a9e55815c2624e321fb2ab13","牛肉萝卜汤",
"cac562e6c02ab5c187d82324f72a6683","青椒香肠炒萝卜丁","青椒香肠萝卜丁"
"cae1668cdda2c55b3acd0d21d4b2cac7","西葫芦炒胡萝卜",
"cb1262049c22ecff3222d98ff49588b5","玉米炒蚕豆香肠",
"cb57f4f8a4d6d6e757b348f15757bde6","蚂蚁上树",
"cc16da3f9e5f4a02f981c34b209d17f8","青椒炒藕片","青椒藕片,藕片炒青椒,藕片青椒"
"cc9033558533cafd6b3ab5e51c76a265","炒葫芦",
"ccdae6c68e747936d94fe37fe93da1e7","茄汁土豆炖鸡块",
"cd4848789438336f3ef2fd23fc344913","菊花菜炒豆腐",
"cd9bfc1119de9d81cdc80efeedc1deac","冬笋雪菜炖腊肉",
"cdaafde3bae45bca8e39b2c11605b65f","腊肉冬瓜虾皮汤",
"cdbb9c4f4bc8291fa01394b89236ccc4","葱香饼干",
"ce46c6d9a83d77daff1ce296e5541ec6","玉米平菇排骨汤",
"cee1d1e8e272e9fbcdedbb93a68e920f","炒地瓜",
"cf20e4b327d64e664a181f6eb4a39823","清炒藕片",
"d097e204f9409a52943824335c84aa11","葱油石斑鱼",
"d0c98c52fb45d999178f504188bcda8e","红烧土豆",
"d101066ce9d53af85bfe53fbbb6bada8","洋葱牛柳",
"d17bdd2c815eb3b297f29d63c7f90e76","青菜炒腐竹","青菜烧腐竹,青菜腐竹,腐竹青菜,腐竹炒青菜"
"d241db435927ac797da815744b48cfaf","青菜炒豆腐干丝","青菜豆腐干丝,豆腐干丝炒青菜,豆腐干丝青菜"
"d2d8c0ab526422f31624ad1398fc6ed7","毛芋炖鸭",
"d2e760f8c8c4989ec1e73b0bed5cfffb","红烧鱼",
"d3167e55170f5b997529dfee3a273e03","蒲瓜炒豆腐","蒲瓜豆腐,葫芦炒豆腐,葫芦豆腐"
"d326882ce7746fa068f6f472b32d8077","番茄鸡蛋榨菜汤",
"d36773e4ea875d8b8f5b1a423a3d598c","土豆烧牛肉",
"d3697c69dad78ac414232133ff08940c","豆芽炒油豆腐",
"d394b136aac2819ae3d0eed71c0618d7","葱香蛋花汤",
"d3f5affb0df8262192519f795e9b4a69","爆炒甜椒猪肝",
"d418bbbc948dfbefb7ddd673a8d3f895","甜椒香菇炒鸭肉",
"d4ab441b264134e68387a244631f08c4","咸菜猪血汤",
"d4cb5ef81f726468dadc15f2e9b3028e","花菜炒肉",
"d50e0a475cfc5525b24a954f9267d58d","蒜叶胡萝卜","蒜叶胡萝卜丝"
"d5cb44a58d8f2338a5b52d16da1abcf4","鱼香肉丝",
"d60d03fc9fe11de0c53a277006780b54","海带豆腐汤",
"d6743e15f061dae6d907023b7a2b1d83","鸡腿菇炒肉",
"d67c248a333ed586534543f346ba83e2","毛豆炒虾仁",
"d68f2ce2a3bd346830a0077deef4837a","番茄鸡蛋汤粉干",
"d74ec25497782d5e6d8ccb75433f2d5a","三色蛋汤",
"d77ab55ddda0b92b328f7a2126e6295e","大白菜豆腐",
"d7f55ec27a9ea57b13ba8846b55a7636","八宝粥",
"d840449d64193786b2e168ab8fc6cc8d","小餐包",
"d843e7c04b567f43c642d17dd00cfc11","水煮毛豆",
"d853f47c5bf8e8c6884a398c720586e4","炒藕片",
"d931044d3a9212075e6bd54a7d2e1073","干菜蛋炒饭",
"d9599cace12150bfcef16d4e9e6c5bca","青菜豆腐汤",
"d9691ebe26e4a3988c38cebdcc0a53e9","大蒜叶炒鸭肉",
"d9f440db0182439cd9d415d047be119b","水蒸蛋",
"da1614dee5356f4d88b2566e1ee274b5","甜椒炒猪肝",
"da485f93438c207b6e9f4c53c62511a4","茄子炒肉",
"db4570af147287b59667f90e253d98ec","木耳白菜",
"db62d3b8662e976fc83e66c9b7a978a3","甘篮炒鸡腿菇",
"db6f156e7cddaae76b475565e23268aa","黄豆酱炒肉",
"dba31c35779185e7e8461aabf9e1ec2d","红烧牛肉",
"dc66d9f5d48fbf479b335dcdd6965ac3","长豆荚炒肉",
"dc8ae2430d6acef0662dc8b09476a7e0","桂圆",
"dcc11eb1767384fb0b1c27992a1d66b0","腰果炒西芹",
"dd5b1e62698341bed4cee3427913b2c3","酱爆茄子",
"dd6d717f0a8a1e6770421558eb39230f","皮蛋瘦肉粥",
"de00a9fde82b894d02f167030bb5f2c4","山药青豆排骨汤",
"de898f4c878dc4702bc81cde59bb3a20","茄子肉末",
"de8a452a41cf1f0e71ce63d652cf881b","咸菜炒豆腐","咸菜豆腐"
"dea4097869a457d44052ae27207eb50f","奶黄包",
"deadbe369daf2e8acbac7982518fcbb4","西葫芦虾皮汤",
"dec4247a66de05b35e270279c1d2fcc1","虾皮蒲瓜",
"df4f3e9a27c89e3c83746eaae7cd0bd7","土豆炖排骨",
"dfb9a766cbdc075648b8ba3a1adb4e6c","大白菜油豆腐汤",
"e00b3483b71fdabfd79d4eb127dcde73","平菇豆腐汤",
"e07c26a196ed37fd36f99b20aa95f769","紫葡萄",
"e08a5d4150838179fa190bf36e0e0cc4","炒青菜",
"e08c562cb10100a10baae8ebfb76e9df","西葫芦炒肉",
"e0ea2c8364765dfe562f98009991af5d","红烧翅中",
"e1642fd2291f9c4249d6ed4d9aaf4901","清炒长豆荚",
"e17e65ec50b72d4a6f55920e01de7bb9","宫爆鸡丁",
"e18ffd2a04950258877cf0260f4f11eb","麻糍",
"e246c85bd35cce4d79a2b2855774b5cb","排骨山药汤",
"e25ca6c08267259c98b7117d6f801cfc","白菜香菇",
"e2bbfe620cf3a42570635db94c8a8658","青菜肉丝面",
"e2fd83a0243446f54ccfd96568deb7ca","小萝卜炒猪肚",
"e32065b05abb484106d1522107f6b96b","酒糟萝卜丁",
"e3611cf9e301b8133e1992bbbf8fb9f7","胡萝卜木耳炒莴笋","莴笋胡萝卜木耳"
"e377dac43c57e5baf81ba5c22c52cc03","红烧芦笋肉",
"e39c6fc2158861d241b724cb6e2579bb","红烧牛排",
"e43d6cb003b4dbcc0032abc667e6baa9","豆腐干蒜叶炒肉",
"e4d255f3e9199d8392b938990c39ae32","青菜炒豆腐干丝",
"e53fb8a49cd5790861df9d1131fe5037","红烧茄子长豆荚",
"e542a013905f574cb84eb87131be1d43","酒槽带鱼",
"e5ba4f6f543ceb1f5cd6e931d36fc167","散花菜炒肉",
"e5e22dad1a39f46eba4f22e7a59359ef","绿豆汤",
"e5f2d3f555bd5b78186863f0f0c75a23","葱香花卷",
"e607d481c260ddf5d223686d19992589","茭白炒木耳",
"e6bb28592104d2480154a9e7653a3be9","新生姜炒肉",
"e6de80a6c4050f4a365cdf0847cae3de","包心菜炒腐竹","球菜腐竹,球菜炒腐竹,腐竹球菜,腐竹炒球菜"
"e6f85cf13abe9b452338ced0ce57cee3","盐水虾",
"e70edbdc98b94970a2fdbd6b521f1baa","爆炒猪肝",
"e7254b6393696483ba4a1596b3358075","冬笋雪菜牛肉",
"e74990a71312982a89e019d9a9cc4208","橙子",
"e7baf96675ca9899369f4897de5cf0d0","排骨莲藕汤",
"e7f25d11f8e0d1c45b4453517cd10a34","豆腐平菇汤",
"e8288e086e82ce3804571d42558e81a8","雪菜肉丝面",
"e88a24399c4a2464d220e836cfecbbac","炒萝卜条",
"e92336b7f71b445994ac4cd63f9d0160","小米粥",
"e9c4753cd1a3738c7b49adc9b864cd1b","藕炒肉丝",
"eb02fac5535e3cef7d1716c4fe774153","长豆荚茄子炒肉",
"eb534b82d78abff3438b26782cb80ddd","红烧土豆",
"eb53803e84d7cae44620badbeb51bb28","洋葱土豆炒肉",
"ebbbc0867c7a692013c7fcdcef11c824","香菇鸡块",
"ed36029e78324c2f251480e9a04cecb7","咸菜豆腐排骨汤",
"ed7896279ab49816afa156d1f03c09fc","香梨",
"ed7bbf6f7be1710e938b587d1a1beddb","肉末冬笋豆腐羹",
"eda2568b67f599ad42d14afcc647740f","猪脚炖花生米",
"edd524eac1e2f63c433995f7a77b5c22","黄金鸡柳条",
"edebdf574286d07cea74e1b00001aa30","蒸南瓜",
"ee32d825819aa9f2945ae5f9dd2e2877","胡萝卜木耳炒西兰花","胡萝卜木耳西兰花"
"eea339f278137cd3a4854bea24154242","萝卜炒肉",
"eec74736b26e868273b42d60357dd09f","大白菜油豆腐",
"ef01b01a119d903b820b7d695c1d10dd","红烧鸡爪",
"ef020b14ffd68cc5965728321a4924f8","娃娃菜豆腐汤",
"ef55db33fcac0c3bf3a89314ab814f7f","炒娃娃菜",
"ef66704d139eb41d33d709751ba27179","卷心菜土豆番茄",
"ef898f39a41c2ff53fd7170825ba5e70","牛肉炖土豆",
"efb98a1da93357b20a89466c22caba62","酒糟萝卜条",
"eff7e684f5d47029e5f1a291405421f3","榨菜鸡蛋肉丝汤",
"f09dc2df4a0232681303db8b179c2528","黄豆炖猪蹄",
"f14ca87c43553d70abb532636305f319","葡萄干",
"f18185afd362d1d9bf6ed6f1609bbfc4","玉米棒",
"f207478c833ae2ac6156172325a5afec","西葫芦炒鸡蛋",
"f224f258ea002f5d350a4a096f6c0d5c","青椒炒萝卜丁","青椒萝卜丁,萝卜丁炒青椒,萝卜丁青椒"
"f28d88b5ac61b3bf512b83f08fa72bbf","黑木耳炒肉",
"f298788e652e11bfeaed6e096da72fa5","绿豆芽炒肉",
"f2a1ef66023b53d37c6156ee862cbaed","雪菜炒肉",
"f2d45cbeb2ca69c2676b8be49bab088b","腊肉萝卜汤",
"f3567ca283637a1d17977316a7472fd4","萝卜丝炒豆腐",
"f35f406e0109eb2c543d2b1818847bc2","日本南瓜炒肉",
"f3a49f0473ac8fb4659c344b29053dec","草莓",
"f4823328e1ff7e3d9d95f9bf242ffc59","豆腐炒球菜","豆腐炒包菜"
"f51f7482d725b8ee4a2f096180d70b9d","蜜橘",
"f5b0706eb73421dfbb5e0e846ddc22f4","长豆肉丝",
"f5e9da05070c5a599314f1987440d078","排骨黄豆汤",
"f5f1cb472e4fdf1531a764c14cbf13e9","大白菜炒油豆腐",
"f615c2baed1127bc047986efb98d77f4","青菜炒油豆腐","青菜油豆腐,油豆腐炒青菜,油豆腐青菜"
"f65256afa141c4ec7edbe59874998836","白菜粉丝",
"f6528c180ee3e2656383d9ea46f0130e","油豆腐炒绿豆芽","油豆腐绿豆芽"
"f65d2a01b9dfef00db21a957d8fc678e","圣女果",
"f7a7d45c143c04b4affddb89a4acb067","蒜香西兰花炒香肠",
"f7e3e0767f5f1834d2bc75efa594482b","葱头木耳肉片",
"f83ca274bcfd48d3a087f0ee12185da1","瘦肉粥",
"f854b87801cc61495dd327d757489f18","馄饨",
"f9b447f7411b421f35a9898511cc8ee4","绿豆芽豆腐炒肉",
"f9fc602d68104f20f79627b7e766483d","凉拌海带丝",
"fa4ccfde22d6d6266452e2f9af84c10d","火鸡面",
"fad1bbf433f723cc493589d324254fb7","不老神鸡",
"fc80a8a99060394efffaaaf1d5551d73","黑木耳炒大白菜",
"fd7fd110e610e21cf5aa1df1e2e0602f","黄豆芽炒千张蒜叶",
"fdf818db426234cc0dad51e87e60a49d","球菜炒胡萝卜",
"fdfff6057eeab0b8f9f5904382514bf0","丝瓜排骨汤",
"fe0e0dfadbf2b0feae43587b6cf70178","脆皮豆腐",
"fe0ede054c6e03569e3e6081d5007ba9","番茄豆腐汤",
"fe1d792b0a9344091645fc0fc51b79e5","小米糕",
"fedc30b5d05dda8a231867c52288a850","青枣",
"ff500fdd92e9f9fd65f33d82cc433b31","牛排炖萝卜",
"ff922caa654b4232a04d1ff83e5224a5","莴笋叶豆腐汤",
"ffa9abaf94b680012cc47a0c2ce8971d","排骨咸菜毛芋",
"ffc1991e4d5f6bdb2ddf8379f816783a","西红柿蛋汤",
"ffdd9816562f39bfc754403ea67684d0","排骨木耳豆腐汤",
"fff505894ca6687f7df3cb2be8c45019","苹果",
